{
  "temperatures": [
    0.5,
    0.55,
    0.6,
    0.65,
    0.7,
    0.75,
    0.8,
    0.8500000000000001,
    0.9,
    0.95,
    1.0,
    1.05,
    1.1,
    1.15,
    1.2000000000000002,
    1.25,
    1.3,
    1.35,
    1.4,
    1.4500000000000002,
    1.5,
    1.55,
    1.6,
    1.6500000000000001,
    1.7000000000000002,
    1.75,
    1.8,
    1.85,
    1.9000000000000001,
    1.9500000000000002,
    2.0,
    2.05,
    2.1,
    2.1500000000000004,
    2.2,
    2.25,
    2.3,
    2.35,
    2.4000000000000004,
    2.45,
    2.5,
    2.5500000000000003,
    2.6,
    2.65,
    2.7,
    2.75,
    2.8000000000000003,
    2.85,
    2.9000000000000004,
    2.95,
    3.0
  ],
  "coverages": [
    0.44636844636844636,
    0.49599166265832934,
    0.5424883758217092,
    0.5819304152637486,
    0.6148789482122815,
    0.6459034792368126,
    0.6738816738816739,
    0.6975308641975309,
    0.7212602212602213,
    0.7413820747154081,
    0.7594997594997595,
    0.7755331088664422,
    0.791967291967292,
    0.8057559724226391,
    0.8177008177008177,
    0.8304473304473304,
    0.8417508417508418,
    0.8516113516113516,
    0.8605900272566939,
    0.8685265351932019,
    0.8755010421677089,
    0.8832772166105499,
    0.8904922238255571,
    0.8964245630912298,
    0.9022767356100689,
    0.9070867404200738,
    0.9113355780022446,
    0.916065416065416,
    0.9217572550905885,
    0.925364758698092,
    0.9289722623055956,
    0.9326599326599326,
    0.9363476030142697,
    0.9392336059002726,
    0.9425204425204425,
    0.9450857784191118,
    0.9486932820266154,
    0.950937950937951,
    0.9535032868366202,
    0.9563091229757896,
    0.9583934583934584,
    0.9598364598364598,
    0.9614397947731281,
    0.9628827962161296,
    0.9648869648869649,
    0.9659291325957993,
    0.9673721340388007,
    0.9684944684944685,
    0.9694564694564695,
    0.9702581369248036,
    0.9716209716209716
  ],
  "mpws": [
    12.32802963256836,
    13.560831069946289,
    14.793635368347168,
    16.026437759399414,
    17.259241104125977,
    18.49204444885254,
    19.7248477935791,
    20.95764923095703,
    22.19045066833496,
    23.423255920410156,
    24.65605926513672,
    25.888858795166016,
    27.121662139892578,
    28.354467391967773,
    29.587270736694336,
    30.8200740814209,
    32.05287551879883,
    33.28567886352539,
    34.51848220825195,
    35.751285552978516,
    36.98408889770508,
    38.216888427734375,
    39.4496955871582,
    40.682498931884766,
    41.91529846191406,
    43.148101806640625,
    44.38090133666992,
    45.613704681396484,
    46.84651184082031,
    48.079315185546875,
    49.31211853027344,
    50.544918060302734,
    51.77771759033203,
    53.010528564453125,
    54.243324279785156,
    55.476131439208984,
    56.70893478393555,
    57.941734313964844,
    59.17454147338867,
    60.4073486328125,
    61.6401481628418,
    62.87294387817383,
    64.10575103759766,
    65.33856201171875,
    66.57135772705078,
    67.80416107177734,
    69.0369644165039,
    70.26976013183594,
    71.50257110595703,
    72.7353744506836,
    73.96817779541016
  ],
  "optimal": {
    "temperature": 1.7000000000000002,
    "coverage": 0.9022767356100689,
    "mpiw": 41.91529846191406
  },
  "sensitivity": {
    "valid_temp_range": [
      1.55,
      1.85
    ],
    "local_gradient": 0.10662177328844016
  }
}